name,directed,n,m,density,k_in,k_out,S_largest_component,C_avg_clustering,r_assortativity,ell_avg_distance_est,k,max_in_node,max_in_deg,max_out_node,max_out_deg,max_node,max_deg
WWW_nd.edu,True,325729,1497134,2.1066408037288526e-05,4.596256397189074,4.596256397189074,1.0,0.23462432071973055,-0.052612550006599014,7.015691326225175,,12129.0,10721.0,7137.0,3445.0,,
Protein_Interactions,False,2018,2930,0.0014396951973635397,,,0.8161546085232904,0.046194001297365166,-0.05507810934225171,5.600886460230723,2.9038652130822595,,,,,1356.0,91.0
