name,directed,n,m,density,k_in,k_out,S_largest_component,C_avg_clustering,r_assortativity,ell_avg_distance_est,k,max_in_node,max_in_deg,max_out_node,max_out_deg,max_node,max_deg
WWW_nd.edu,True,325729,1497134,2.1066408037288526e-05,4.596256397189074,4.596256397189074,1.0,0.23462432071973055,-0.052612550006599014,7.417283938488744,,12129.0,10721.0,7137.0,3445.0,,
Protein_Interactions,False,6526,532180,0.024995449971408207,,,1.0,0.19586331976169608,-0.1212652905515779,2.2223674532638675,163.09531106343854,,,,,YDL160C,3619.0
